{"ShowFPS":true,"MasterVolume":1.0000001192092896,"musicVolume":1.0000001192092896,"soundVolume":1.0000001192092896,"TargetFPS":30}